"","Annee","Cas"
"1",1933.16666666667,2305
"2",1933.25,2094
"3",1937.25,2301
"4",1937.33333333333,2277
"5",1938.25,1981
